,Zip-Code,ZIP,POSTAL
0,20020-5126,20020,5126
1,20011-3368,20011,3368
2,20745-4054,20745,4054
3,20010-1340,20010,1340
4,20009-5676,20009,5676
5,20002-2913,20002,2913
6,20019-2639,20019,2639
7,20018-271,20018,271
8,20009-3017,20009,3017
9,20743-5656,20743,5656
10,20910-1401,20910,1401
11,20001-3027,20001,3027
12,20747-1095,20747,1095
13,20032-6163,20032,6163
14,20009-5604,20009,5604
15,20737-2534,20737,2534
16,20770-1531,20770,1531
17,20002-1017,20002,1017
18,20018-3017,20018,3017
19,20003-5041,20003,5041
20,20016-5560,20016,5560
21,20003-1506,20003,1506
22,20019-2245,20019,2245
23,20002-5837,20002,5837
24,20019-5470,20019,5470
25,20785-4452,20785,4452
26,20019-5210,20019,5210
27,20009-5873,20009,5873
28,20747-1018,20747,1018
29,20010-1971,20010,1971
30,20010-2904,20010,2904
31,20010-1128,20010,1128
32,20009-3785,20009,3785
33,20019-1759,20019,1759
34,20603-4046,20603,4046
35,20001-1725,20001,1725
36,20011-5172,20011,5172
37,20009-2214,20009,2214
38,20011-5463,20011,5463
39,20010-7229,20010,7229
40,20032-5862,20032,5862
41,20743-5013,20743,5013
42,20032-2078,20032,2078
43,20706-2554,20706,2554
44,22193-8513,22193,8513
45,20032-1811,20032,1811
46,20009-2825,20009,2825
47,22193-1501,22193,1501
48,20774-1651,20774,1651
49,20024-4216,20024,4216
50,20743-4675,20743,4675
51,20710-1422,20710,1422
52,20002-1239,20002,1239
53,20010-2845,20010,2845
54,20851-2042,20851,2042
55,95831-5838,95831,5838
56,20001-3279,20001,3279
57,20782-4171,20782,4171
58,20002-212,20002,212
59,20020-7964,20020,7964
60,20747-2787,20747,2787
61,20020-2418,20020,2418
62,20016-2251,20016,2251
63,20910-2234,20910,2234
64,20032-3573,20032,3573
65,22026-4533,22026,4533
66,20032-3450,20032,3450
67,20016-5420,20016,5420
68,20001-5460,20001,5460
69,20024-3930,20024,3930
70,20902-1322,20902,1322
71,20019-1158,20019,1158
72,20111-1762,20111,1762
73,20748-3916,20748,3916
74,20010-2604,20010,2604
75,20019-2361,20019,2361
76,20910-4869,20910,4869
77,20018-2317,20018,2317
78,20020-6677,20020,6677
79,20032-4757,20032,4757
80,22205-2255,22205,2255
81,20032-5026,20032,5026
82,20002-4465,20002,4465
83,20910-4812,20910,4812
84,20001-1128,20001,1128
85,20020-1175,20020,1175
86,20011-1409,20011,1409
87,20020-4236,20020,4236
88,20012-1615,20012,1615
89,20018-4430,20018,4430
90,20019-2924,20019,2924
91,20032-2108,20032,2108
92,20607-3457,20607,3457
93,20002-1130,20002,1130
94,20816-1419,20816,1419
95,20705-3500,20705,3500
96,20001-4056,20001,4056
97,20011-5409,20011,5409
98,20019-5005,20019,5005
99,20003-1444,20003,1444
100,20017-2850,20017,2850
101,20017-2331,20017,2331
102,20011-2272,20011,2272
103,20011-1063,20011,1063
104,20019-4106,20019,4106
105,20012-2963,20012,2963
106,20770-4239,20770,4239
107,20019-1804,20019,1804
108,20011-2052,20011,2052
109,20774-8417,20774,8417
110,20001-3973,20001,3973
111,20705-2602,20705,2602
112,20603-4207,20603,4207
113,20009-8116,20009,8116
114,20010-1801,20010,1801
115,20056-7612,20056,7612
116,20019-2534,20019,2534
117,25840-1139,25840,1139
118,20737-1633,20737,1633
119,21770-6066,21770,6066
120,20785-4145,20785,4145
121,20020-7551,20020,7551
122,20735-1122,20735,1122
123,20003-2947,20003,2947
124,20032-41,20032,41
125,20017-1032,20017,1032
126,20020-4218,20020,4218
127,20712-1414,20712,1414
128,20017-1934,20017,1934
129,20745-1809,20745,1809
130,20003-4464,20003,4464
131,21216-3633,21216,3633
132,20011-3514,20011,3514
133,20601-4916,20601,4916
134,20003-4765,20003,4765
135,20002-5123,20002,5123
136,92154-8516,92154,8516
137,20012-3027,20012,3027
138,20782-4106,20782,4106
139,20020-3867,20020,3867
140,20024-2403,20024,2403
141,20746-2202,20746,2202
142,20737-1769,20737,1769
143,20904-4201,20904,4201
144,20712-1027,20712,1027
145,20019-4626,20019,4626
146,20003-4718,20003,4718
147,20011-2569,20011,2569
148,98290-2145,98290,2145
149,20019-5845,20019,5845
150,20011-4214,20011,4214
151,20032-4301,20032,4301
152,20747-3812,20747,3812
153,20032-2644,20032,2644
154,20003-3242,20003,3242
155,20012-1859,20012,1859
156,20019-1712,20019,1712
157,20032-3960,20032,3960
158,20815-4546,20815,4546
159,20744-2825,20744,2825
160,20746-2571,20746,2571
161,20653-4139,20653,4139
162,20011-3605,20011,3605
163,20710-1924,20710,1924
164,20019-5205,20019,5205
165,20020-6583,20020,6583
166,20732-4585,20732,4585
167,20020-2135,20020,2135
168,20017-3432,20017,3432
169,20002-1617,20002,1617
170,20002-3867,20002,3867
171,20009-2641,20009,2641
172,20009-8600,20009,8600
173,20020-5428,20020,5428
174,20018-1941,20018,1941
175,20782-1832,20782,1832
176,20020-4114,20020,4114
177,20009-2185,20009,2185
178,20607-32,20607,32
179,20032-4963,20032,4963
180,20910-3258,20910,3258
181,20002-4169,20002,4169
182,20019-1108,20019,1108
183,20903-3545,20903,3545
184,20019-4228,20019,4228
185,20783-2143,20783,2143
186,20912-7438,20912,7438
187,20019-4760,20019,4760
188,20018-3101,20018,3101
189,20019-6913,20019,6913
190,20032-3543,20032,3543
191,20002-1771,20002,1771
192,20016-4962,20016,4962
193,20009-7557,20009,7557
194,20002-1061,20002,1061
195,20024-3571,20024,3571
196,20020-2910,20020,2910
197,20019-6950,20019,6950
198,20008-4557,20008,4557
199,20748-4714,20748,4714
200,20019-3243,20019,3243
201,20019-7133,20019,7133
202,20912-2830,20912,2830
203,20020-6311,20020,6311
204,20002-4660,20002,4660
205,20710-1568,20710,1568
206,20019-4263,20019,4263
207,20784-374,20784,374
208,20009-6082,20009,6082
209,22030-2322,22030,2322
210,20002-1929,20002,1929
211,20904-5214,20904,5214
212,20019-7301,20019,7301
213,20772-5121,20772,5121
214,20008-4510,20008,4510
215,20912-6962,20912,6962
216,20735-1494,20735,1494
217,20002-4322,20002,4322
218,20009-1255,20009,1255
219,20019-4371,20019,4371
220,20032-1619,20032,1619
221,20745-3810,20745,3810
222,20011-5934,20011,5934
223,20003-3571,20003,3571
224,20009-6044,20009,6044
225,20011-8203,20011,8203
226,20010-2908,20010,2908
227,20010-4133,20010,4133
228,20009-6625,20009,6625
229,20009-5976,20009,5976
230,20772-7961,20772,7961
231,20011-2943,20011,2943
232,20785-4675,20785,4675
233,20743-3464,20743,3464
234,30344-6748,30344,6748
235,20774-2645,20774,2645
236,20012-2937,20012,2937
237,20018-1926,20018,1926
238,20024-2447,20024,2447
239,20910-1928,20910,1928
240,20011-4010,20011,4010
241,20002-1365,20002,1365
242,20010-2295,20010,2295
243,20020-1650,20020,1650
244,20032-1699,20032,1699
245,20011-7545,20011,7545
246,20001-1746,20001,1746
247,20019-4369,20019,4369
248,20010-2573,20010,2573
249,20011-3404,20011,3404
250,20002-4135,20002,4135
251,20019-1307,20019,1307
252,20712-1142,20712,1142
253,20708-3173,20708,3173
254,20002-2035,20002,2035
255,20002-2109,20002,2109
256,20032-4995,20032,4995
257,20020-3461,20020,3461
258,20010-2305,20010,2305
259,20906-3334,20906,3334
260,20904-2613,20904,2613
261,20019-3619,20019,3619
262,20009-7904,20009,7904
263,20003-5073,20003,5073
264,20032-2736,20032,2736
265,20009-4255,20009,4255
266,20032-1665,20032,1665
267,20745-2701,20745,2701
268,20032-1226,20032,1226
269,22172-1775,22172,1775
270,20001-5079,20001,5079
271,20019-3769,20019,3769
272,20782-2662,20782,2662
273,20747-1244,20747,1244
274,20019-6553,20019,6553
275,20743-4014,20743,4014
276,20018-3816,20018,3816
277,20005-3660,20005,3660
278,20781-2404,20781,2404
279,20007-454,20007,454
280,20002-3166,20002,3166
281,20002-3234,20002,3234
282,20018-4406,20018,4406
283,20002-2189,20002,2189
284,20019-4484,20019,4484
285,20019-6389,20019,6389
286,20020-1060,20020,1060
287,20019-1009,20019,1009
288,20003-4513,20003,4513
289,20002-7154,20002,7154
290,20785-2125,20785,2125
291,20011-1654,20011,1654
292,20019-5174,20019,5174
293,20002-4801,20002,4801
294,20011-6615,20011,6615
295,20019-2456,20019,2456
296,20904-2554,20904,2554
297,20010-3497,20010,3497
298,20005-4513,20005,4513
299,20020-6149,20020,6149
300,20002-4364,20002,4364
301,20024-3601,20024,3601
302,20019-1339,20019,1339
303,20011-2920,20011,2920
304,20009-4971,20009,4971
305,20783-3586,20783,3586
306,20010-2833,20010,2833
307,20002-7143,20002,7143
308,20705-1186,20705,1186
309,20019-1341,20019,1341
310,20003-2037,20003,2037
311,20020-5417,20020,5417
312,20002-1426,20002,1426
313,20009-3385,20009,3385
314,21227-3527,21227,3527
315,20011-7527,20011,7527
316,20011-1611,20011,1611
317,20009-7028,20009,7028
318,20002-4923,20002,4923
319,20019-5720,20019,5720
320,20019-6336,20019,6336
321,20020-7534,20020,7534
322,20743-3958,20743,3958
323,20035-5542,20035,5542
324,20901-4128,20901,4128
325,20001-3346,20001,3346
326,20011-6802,20011,6802
327,20783-2917,20783,2917
328,20784-3641,20784,3641
329,20011-1255,20011,1255
330,20018-3730,20018,3730
331,20015-0681,20015,0681
332,20003-3987,20003,3987
333,20011-3006,20011,3006
334,20017-4329,20017,4329
335,20010-2084,20010,2084
336,20019-8202,20019,8202
337,20002-6226,20002,6226
338,20007-1697,20007,1697
339,11413-3102,11413,3102
340,20886-3833,20886,3833
341,20783-2748,20783,2748
342,20020-1220,20020,1220
343,22310-1762,22310,1762
344,20603-4750,20603,4750
345,20706-1323,20706,1323
346,20011-1823,20011,1823
347,20019-7690,20019,7690
348,20016-4026,20016,4026
349,20743-1161,20743,1161
350,20019-3822,20019,3822
351,20747-1540,20747,1540
352,20003-4205,20003,4205
353,20745-3313,20745,3313
354,20017-1556,20017,1556
355,20032-2517,20032,2517
356,20007-3409,20007,3409
357,20782-2712,20782,2712
358,20019-5827,20019,5827
359,20020-73,20020,73
360,20743-5620,20743,5620
361,20020-4159,20020,4159
362,20712-1126,20712,1126
363,20011-6225,20011,6225
364,20603-4319,20603,4319
365,22046-4032,22046,4032
366,20020-6536,20020,6536
367,20112-5565,20112,5565
368,20019-5145,20019,5145
369,20020-3572,20020,3572
370,20019-6583,20019,6583
371,20712-1346,20712,1346
372,20002-2817,20002,2817
373,20032-3739,20032,3739
374,20019-5515,20019,5515
375,22153-2028,22153,2028
376,22303-1881,22303,1881
377,20024-3525,20024,3525
378,20019-6114,20019,6114
379,20007-2351,20007,2351
380,20032-1334,20032,1334
381,20032-5813,20032,5813
382,39339-9555,39339,9555
383,20011-1071,20011,1071
384,22304-3651,22304,3651
385,20903-3445,20903,3445
386,20001-2227,20001,2227
387,20010-2768,20010,2768
388,20009-4035,20009,4035
389,20002-7559,20002,7559
390,20613-9084,20613,9084
391,20743-5128,20743,5128
392,20032-6137,20032,6137
393,20020-4122,20020,4122
394,20002-7867,20002,7867
395,20785-2945,20785,2945
396,20710-1331,20710,1331
397,20019-7814,20019,7814
398,21207-7517,21207,7517
399,20020-2706,20020,2706
400,20005-3615,20005,3615
401,20774-2631,20774,2631
402,20009-4706,20009,4706
403,20018-3401,20018,3401
404,20009-5344,20009,5344
405,20020-3603,20020,3603
406,20010-2326,20010,2326
407,20018-1739,20018,1739
408,20020-6212,20020,6212
409,20032-4034,20032,4034
410,20001-3406,20001,3406
411,20020-2336,20020,2336
412,20001-4259,20001,4259
413,20912-7003,20912,7003
414,20032-2821,20032,2821
415,20902-2684,20902,2684
416,20772-3745,20772,3745
417,20011-6472,20011,6472
418,20020-1123,20020,1123
419,20008-5745,20008,5745
420,20008-1643,20008,1643
421,20737-2911,20737,2911
422,20024-4486,20024,4486
423,20030-1541,20030,1541
424,20002-3925,20002,3925
425,10023-2844,10023,2844
426,20011-6705,20011,6705
427,20032-3647,20032,3647
428,20019-6427,20019,6427
429,20770-6147,20770,6147
430,20782-3080,20782,3080
431,20019-6668,20019,6668
432,20008-4815,20008,4815
433,20912-2865,20912,2865
434,20001-2951,20001,2951
435,20018-2522,20018,2522
436,20008-4740,20008,4740
437,20017-3141,20017,3141
438,20017-159,20017,159
439,20783-3661,20783,3661
440,20009-2385,20009,2385
441,20747-1113,20747,1113
442,14075-4309,14075,4309
443,20009-1316,20009,1316
444,20902-3307,20902,3307
445,20020-4017,20020,4017
446,20770-4132,20770,4132
447,20019-6462,20019,6462
448,20009-4288,20009,4288
449,20007-4846,20007,4846
450,20019-2838,20019,2838
451,20018-4203,20018,4203
452,20904-3452,20904,3452
453,20010-3179,20010,3179
454,20003-3116,20003,3116
455,37027-6215,37027,6215
456,20011-3280,20011,3280
457,20737-1601,20737,1601
458,20019-2071,20019,2071
459,20017-2035,20017,2035
460,20019-3946,20019,3946
461,20032-1988,20032,1988
462,20904-3217,20904,3217
463,20912-4961,20912,4961
464,20011-3727,20011,3727
465,20020-4657,20020,4657
466,20770-4247,20770,4247
467,20032-4621,20032,4621
468,20646-3737,20646,3737
469,20772-2546,20772,2546
470,20003-3483,20003,3483
471,20012-2114,20012,2114
